login;password;lastname;firstname
cruiz;3cM>c/A+zt1a;RUIZ;Charlotte
nsamson;8rhUz+A7?$*v;SAMSON;Noemie
mbonhomme;2w8anw&!/ZVC;BONHOMME;Myrtille
aleleu;Iy/1VqhX?.6S;LELEU;Arthur
ebriere;Bq?t1g4Lz*-4;BRIERE;Emilie
cauvray;2n**f+4VN>$M;AUVRAY;Charlotte
npage;2%JySm9Prh-n;PAGE;Noemie
mportier;5f2!KBbh>58E;PORTIER;Malcom
avergne;71IIPE>xw?Ka;VERGNE;Arthur
xdelavilletanay;a2HrsS<H2m$b;DE LA VILLETANAY;Xavier Bertrand
edupontmartin;5nMTH9x=eM<m;DUPONT-MARTIN;Elodie
joconnor;R739j!/ibCyw;O'CONNOR;Jean-Luc
adelafontaine;A><#1W37eqVS;DE LA FONTAINE;Anais
plefevre;P*c.s9>#-J1z;LEFEVRE;Pierre-Francois
mdangelis;ZF5S35E=>hid;D'ANGELIS;Melanie
svandenberghe;J!NFAd8g>q6E;VAN DEN BERGHE;Sophie
mbernard;D+=7yA%wsR5o;BERNARD;Michael
fsaintetienne;H!u1Cf2.+in4;SAINT-ETIENNE;Francois Xavier
cmuller;BQ%D989.ng>c;MULLER;Cecile
mlopez;yFS4Te?=vQ6M;LO'PEZ;Marie-Claire
tvanhouten;yJL4KA-8m6!k;VAN HOUTEN;Theo
ldupuismoreau;E%s89Nj@=W%C;DUPUIS-MOREAU;Lea
mloiselle;8aB>+4w6@Rik;LOISELLE;Marc-Andre
amichel;HEl%.t*<F7A9;MICHEL;Arthur
sdupont;T*o1<%3S+vTb;DUPONT;Sebastien
imarchal;4$kXd$pn?z6X;MARCHAL;Ines
egillet;J%o3G1wX@hjP;GILLET;Emilie
cgay;mJE3-Y&3N1Zh;GAY;Charlotte
ncordier;ff-UYH6u?k8N;CORDIER;Noemie
mbuisson;X@ce9V@?5VgG;BUISSON;Martin
idossantos;F17f$V4*Tr7Q;DOS SANTOS;Ines
elevy;Y!%uoWRt3G9A;LEVY;Emilie
